timeStamp,elapsed,label,responseCode,responseMessage,threadName,dataType,success,failureMessage,bytes,sentBytes,grpThreads,allThreads,Latency,IdleTime,Connect
1539671306996,48,Open to Home page,200,OK,Main script 1-1,text,true,,32401,420,1,1,47,0,10
1539671307050,15,Open to Home page,200,OK,Main script 1-1,text,true,,32401,420,1,1,14,0,0
1539671307184,7,Open Contacts,200,OK,Main script 1-1,text,true,,21367,427,1,1,7,0,0
1539671307230,7,Open Predefined Date,200,OK,Main script 1-1,text,true,,16432,438,1,1,7,0,0
1539671307318,6,Open Random Page,200,OK,Main script 1-1,text,true,,16439,445,1,1,6,0,0
1539671307357,10,Open Large Calendar,200,OK,Main script 1-1,text,true,,29501,441,1,1,9,0,0
1539671307397,6,Open Random Page,200,OK,Main script 1-1,text,true,,16439,445,1,1,6,0,0
1539671307431,10,Open Search by name,200,OK,Main script 1-1,text,true,,26644,436,1,1,10,0,0
1539671307469,6,Open Random Page,200,OK,Main script 1-1,text,true,,16439,445,1,1,6,0,0
1539671307496,8,Open Search by name,200,OK,Main script 1-1,text,true,,26597,436,1,1,8,0,0
1539671307526,6,Open Random Page,200,OK,Main script 1-1,text,true,,16439,445,1,1,6,0,0
1539671307556,6,Open Predefined Date,200,OK,Main script 1-1,text,true,,16432,438,1,1,6,0,0
1539671307621,7,Open Random Date,200,OK,Main script 1-1,text,true,,30838,438,1,1,7,0,0
1539671307687,8,Open Random Page,200,OK,Main script 1-1,text,true,,30845,445,1,1,7,0,0
1539671307722,8,Open Random Date,200,OK,Main script 1-1,text,true,,27610,438,1,1,8,0,0
1539671307809,9,Open post,200,OK,Main script 1-1,text,true,,26662,434,1,1,8,0,0
1539671307879,14,Comment,200,OK,Main script 1-1,text,true,,2402,2314,1,1,14,0,0
1539671307895,7,Open Predefined Date,200,OK,Main script 1-1,text,true,,16432,506,1,1,7,0,0
1539671307969,11,Open to Home page,200,OK,Main script 1-1,text,true,,32401,488,1,1,11,0,0
1539671308048,13,Open post,200,OK,Main script 1-1,text,true,,26076,502,1,1,13,0,0
1539671308106,28,Open to Home page,200,OK,Main script 1-1,text,true,,32401,488,1,1,28,0,0
1539671308189,8,Open Random Page,200,OK,Main script 1-1,text,true,,32408,495,1,1,8,0,0
1539671308221,11,Open Large Calendar,200,OK,Main script 1-1,text,true,,29501,509,1,1,10,0,0
1539671308255,9,Open Random Page,200,OK,Main script 1-1,text,true,,32408,495,1,1,9,0,0
1539671308295,7,Open Contacts,200,OK,Main script 1-1,text,true,,21432,495,1,1,7,0,0
1539671308325,6,Open Predefined Date,200,OK,Main script 1-1,text,true,,16432,506,1,1,6,0,0
1539671308378,8,Open Random Page,200,OK,Main script 1-1,text,true,,16439,513,1,1,8,0,0
1539671308405,12,Open Search by name,200,OK,Main script 1-1,text,true,,26644,504,1,1,12,0,0
1539671308437,7,Open Random Page,200,OK,Main script 1-1,text,true,,16439,513,1,1,6,0,0
1539671308463,9,Open Large Calendar,200,OK,Main script 1-1,text,true,,29501,509,1,1,9,0,0
1539671308493,6,Open Random Page,200,OK,Main script 1-1,text,true,,16439,513,1,1,6,0,0
1539671308519,8,Open to Home page,200,OK,Main script 1-1,text,true,,32401,488,1,1,8,0,0
1539671308578,8,Open Random Page,200,OK,Main script 1-1,text,true,,32408,495,1,1,8,0,0
1539671308609,10,Open post,200,OK,Main script 1-1,text,true,,26050,502,1,1,10,0,0
1539671308664,8,Comment,200,OK,Main script 1-1,text,true,,2412,2374,1,1,8,0,0
1539671308675,9,Open Random Date,200,OK,Main script 1-1,text,true,,29773,506,1,1,9,0,0
1539671308737,13,Open post,200,OK,Main script 1-1,text,true,,25833,502,1,1,12,0,0
1539671308799,8,Comment,200,OK,Main script 1-1,text,true,,2412,2370,1,1,8,0,0
1539671308808,6,Open Contacts,200,OK,Main script 1-1,text,true,,21432,495,1,1,6,0,0
1539671308838,8,Open to Home page,200,OK,Main script 1-1,text,true,,32401,488,1,1,8,0,0
1539671308894,15,Open post,200,OK,Main script 1-1,text,true,,26076,502,1,1,15,0,0
1539671308957,9,Comment,200,OK,Main script 1-1,text,true,,2412,2366,1,1,9,0,0
1539671308967,9,Open Predefined Date,200,OK,Main script 1-1,text,true,,16432,506,1,1,8,0,3
1539671309022,8,Open Random Page,200,OK,Main script 1-1,text,true,,16439,513,1,1,8,0,0
1539671309047,10,Open Large Calendar,200,OK,Main script 1-1,text,true,,29501,509,1,1,10,0,0
1539671309082,17,Open post,200,OK,Main script 1-1,text,true,,25686,503,1,1,17,0,0
1539671309143,9,Open Large Calendar,200,OK,Main script 1-1,text,true,,29501,509,1,1,9,0,0
1539671309175,7,Open post,200,OK,Main script 1-1,text,true,,25686,503,1,1,7,0,0
1539671309228,7,Comment,200,OK,Main script 1-1,text,true,,2402,2383,1,1,7,0,0
1539671309236,6,Open Predefined Date,200,OK,Main script 1-1,text,true,,16432,506,1,1,6,0,0
1539671309285,6,Open Random Page,200,OK,Main script 1-1,text,true,,16439,513,1,1,6,0,0
1539671309308,8,Open Search by name,200,OK,Main script 1-1,text,true,,26597,504,1,1,8,0,0
1539671309338,9,Open Contacts,200,OK,Main script 1-1,text,true,,21432,495,1,1,9,0,0
1539671309367,5,Open Predefined Date,200,OK,Main script 1-1,text,true,,16432,506,1,1,5,0,0
1539671309420,7,Open Predefined Date,200,OK,Main script 1-1,text,true,,16432,506,1,1,7,0,0
1539671309470,6,Open Random Page,200,OK,Main script 1-1,text,true,,16439,513,1,1,6,0,0
1539671309494,8,Open to Home page,200,OK,Main script 1-1,text,true,,32401,488,1,1,8,0,0
1539671309547,10,Open Random Page,200,OK,Main script 1-1,text,true,,32408,495,1,1,10,0,0
1539671309584,8,Open Search by name,200,OK,Main script 1-1,text,true,,26597,504,1,1,8,0,0
1539671309614,8,Open post,200,OK,Main script 1-1,text,true,,25984,502,1,1,8,0,0
1539671309666,7,Comment,200,OK,Main script 1-1,text,true,,2412,2374,1,1,7,0,0
1539671309674,8,Open to Home page,200,OK,Main script 1-1,text,true,,32401,488,1,1,8,0,0
1539671309729,8,Open Random Page,200,OK,Main script 1-1,text,true,,32408,495,1,1,8,0,0
1539671309757,8,Open post,200,OK,Main script 1-1,text,true,,26523,502,1,1,8,0,0
1539671309809,7,Comment,200,OK,Main script 1-1,text,true,,2412,2374,1,1,7,0,0
1539671309817,7,Open Search by name,200,OK,Main script 1-1,text,true,,26597,504,1,1,7,0,0
1539671309846,7,Open Search by name,200,OK,Main script 1-1,text,true,,26644,504,1,1,7,0,0
1539671309878,8,Open to Home page,200,OK,Main script 1-1,text,true,,32401,488,1,1,8,0,0
1539671309931,11,Open Random Page,200,OK,Main script 1-1,text,true,,32408,495,1,1,11,0,0
1539671309963,8,Open post,200,OK,Main script 1-1,text,true,,26076,502,1,1,8,0,0
1539671310013,18,Open Random Date,200,OK,Main script 1-1,text,true,,27610,506,1,1,18,0,0
1539671310079,7,Open Random Page,200,OK,Main script 1-1,text,true,,27617,513,1,1,7,0,0
1539671310106,8,Open post,200,OK,Main script 1-1,text,true,,25806,503,1,1,8,0,0
1539671310156,8,Comment,200,OK,Main script 1-1,text,true,,2412,2373,1,1,8,0,0
1539671310165,6,Open Predefined Date,200,OK,Main script 1-1,text,true,,16432,506,1,1,6,0,0
1539671310218,6,Open Random Page,200,OK,Main script 1-1,text,true,,16439,513,1,1,6,0,0
1539671310241,6,Open Contacts,200,OK,Main script 1-1,text,true,,21432,495,1,1,6,0,0
1539671310266,9,Open Large Calendar,200,OK,Main script 1-1,text,true,,29501,509,1,1,9,0,0
1539671310294,10,Open Large Calendar,200,OK,Main script 1-1,text,true,,29501,509,1,1,9,0,0
1539671310321,8,Open to Home page,200,OK,Main script 1-1,text,true,,32401,488,1,1,8,0,0
1539671310373,9,Open Random Date,200,OK,Main script 1-1,text,true,,27610,506,1,1,9,0,0
1539671310427,8,Open post,200,OK,Main script 1-1,text,true,,26461,502,1,1,8,0,0
1539671310478,7,Comment,200,OK,Main script 1-1,text,true,,2412,2366,1,1,7,0,0
1539671310486,16,Open Predefined Date,200,OK,Main script 1-1,text,true,,16432,506,1,1,16,0,0
1539671310550,8,Open to Home page,200,OK,Main script 1-1,text,true,,32401,488,1,1,8,0,0
1539671310603,8,Open Random Page,200,OK,Main script 1-1,text,true,,32408,495,1,1,8,0,0
1539671310632,8,Open to Home page,200,OK,Main script 1-1,text,true,,32401,488,1,1,8,0,0
1539671310688,9,Open Random Page,200,OK,Main script 1-1,text,true,,32408,495,1,1,8,0,0
1539671310716,7,Open Contacts,200,OK,Main script 1-1,text,true,,21432,495,1,1,7,0,0
1539671310739,8,Open Search by name,200,OK,Main script 1-1,text,true,,26597,504,1,1,8,0,0
1539671310764,7,Open Search by name,200,OK,Main script 1-1,text,true,,26644,504,1,1,7,0,0
1539671310788,54,Open Contacts,200,OK,Main script 1-1,text,true,,21432,495,1,1,54,0,2
1539671310859,10,Open Large Calendar,200,OK,Main script 1-1,text,true,,29501,509,1,1,10,0,0
